Name,Attribute
Bob,0.750778598
Bobby,0.571547165
Test2,0.780497986
Test3,0.992023943
Test4,0.842389875
Test5,0.96430185
Test6,0.926481684
Test7,0.673739891
Test8,0.321952737
Test9,0.474954249
Test10,0.189127554
Test11,0.575399325
Test12,0.972699879
Test13,0.798673924
Test14,0.321635425
Test15,0.485065716
Test16,0.506636352
Test17,0.064992173
Test18,0.896450966
Test19,0.450321061
Test20,0.509094789
Test21,0.137829274
Test22,0.713291835
Test23,0.354779952
Test24,0.58484759
Test25,0.801040533
Test26,0.176666229
Test27,0.501609727
Test28,0.588626292
Test29,0.728168749
Test30,0.974338866
Test31,0.845536473
Test32,0.063173518
Test33,0.998272908
Test34,0.270339167
Test35,0.048655665
Test36,0.239812781
Test37,0.289903348
Test38,0.000654019
Test39,0.5700778
Test40,0.714011953
Test41,0.260869099
Test42,0.034912163
Test43,0.755581466
Test44,0.324976318
Test45,0.798982143
Test46,0.793390255
Test47,0.251023707
Test48,0.146322002
Test49,0.825448087
Test50,0.1323175
Test51,0.55874356
Test52,0.981776182
Test53,0.652619158
Test54,0.638045186
Test55,0.205303235
Test56,0.560045713
Test57,0.283245493
Test58,0.637176233
Test59,0.038325388
Test60,0.727106865
Test61,0.561211023
Test62,0.262488236
Test63,0.144233597
Test64,0.866754824
Test65,0.350768569
Test66,0.194682336
Test67,0.722438463
Test68,0.742147651
Test69,0.529009224
Test70,0.661861796
Test71,0.873607743
Test72,0.499598101
Test73,0.209436954
Test74,0.716816669
Test75,0.724400719
Test76,0.106744487
Test77,0.121149058
Test78,0.032052574
Test79,0.054255209
Test80,0.382880077
Test81,0.534938386
Test82,0.272431009
Test83,0.275328157
Test84,0.73452077
Test85,0.437547779
Test86,0.820493111
Test87,0.379237709
Test88,0.177780333
Test89,0.420863095
Test90,0.11387551
Test91,0.194444488
Test92,0.60549051
Test93,0.354630538
Test94,0.716054071
Test95,0.794827777
Test96,0.196628002
Test97,0.328115916
Test98,0.492842459
Test99,0.342309912
Test100,0.645999514
Test101,0.039532706
Test102,0.03006378
Test103,0.71019481
Test104,0.899168837
Test105,0.009426608
Test106,0.353136577
Test107,0.522699852
Test108,0.005085418
Test109,0.406995878
Test110,0.289538414
Test111,0.62091303
Test112,0.071237383
Test113,0.879530578
Test114,0.822330943
Test115,0.868901223
Test116,0.243660522
Test117,0.114304099
Test118,0.99275032
Test119,0.590748741
Test120,0.178912925
Test121,0.197724191
Test122,0.59348122
Test123,0.427819062
Test124,0.619149195
Test125,0.776245532
Test126,0.160753116
Test127,0.066689594
Test128,0.28672384
Test129,0.899570096
Test130,0.426708849
Test131,0.872995824
Test132,0.482062184
Test133,0.83317253
Test134,0.511383453
Test135,0.193132195
Test136,0.26286984
Test137,0.505907747
Test138,0.572389327
Test139,0.384926313
Test140,0.052019503
Test141,0.28842811
Test142,0.223072229
Test143,0.588572398
Test144,0.893096636
Test145,0.986841776
Test146,0.5679648
Test147,0.33880183
Test148,0.230499826
Test149,0.531849579
Test150,0.967431338
Test151,0.80298415
Test152,0.52127519
Test153,0.209170725
Test154,0.007641337
Test155,0.181328225
Test156,0.824394355
Test157,0.128203352
Test158,0.66694555
Test159,0.261544855
Test160,0.700076759
Test161,0.93017594
Test162,0.793649935
Test163,0.282047753
Test164,0.514516601
Test165,0.714485466
Test166,0.470632719
Test167,0.742610696
Test168,0.696059967
Test169,0.489177215
Test170,0.921173222
Test171,0.91335929
Test172,0.740630584
Test173,0.103335367
Test174,0.816156091
Test175,0.356870645
Test176,0.289651319
Test177,0.007491495
Test178,0.816885509
Test179,0.989927738
Test180,0.844996621
Test181,0.121108018
Test182,0.272935387
Test183,0.096306988
Test184,0.728360668
Test185,0.507717191
Test186,0.074612745
Test187,0.975821191
Test188,0.509533266
Test189,0.958069236
Test190,0.585034449
Test191,0.217495457
Test192,0.758175371
Test193,0.931377195
Test194,0.437453571
Test195,0.511165879
Test196,0.675760225
Test197,0.678864261
Test198,0.42101105
Test199,0.270527067
Test200,0.766009948
Test201,0.531205004
Test202,0.548651007
Test203,0.207593414
Test204,0.331558154
Test205,0.159431878
Test206,0.583171112
Test207,0.828324676
Test208,0.071113745
Test209,0.762436653
Test210,0.127147952
Test211,0.879070622
Test212,0.801796241
Test213,0.710200686
Test214,0.761986307
Test215,0.577238306
Test216,0.678976919
Test217,0.54366518
Test218,0.928032025
Test219,0.565786422
Test220,0.536488983
Test221,0.930296291
Test222,0.163792199
Test223,0.561290954
Test224,0.865719055
Test225,0.115592549
Test226,0.328736353
Test227,0.567169244
Test228,0.381816202
Test229,0.803507273
Test230,0.692899668
Test231,0.739601518
Test232,0.141586287
Test233,0.469449362
Test234,0.083855001
Test235,0.448601352
Test236,0.686220735
Test237,0.012433169
Test238,0.242342469
Test239,0.321758939
Test240,0.05185508
Test241,0.642202304
Test242,0.919053259
